t,dmdt,dmdt_sd,cumul,cumul_sd,data_0,data_1,data_2,data_3,data_4,data_sd_0,data_sd_1,data_sd_2,data_sd_3,data_sd_4
1992.0,19.600000000000001,76.0,1.6333333333333335,21.93931022920578,1992.0,19.600000000000001,nan,nan,nan,1992.0,76.0,nan,nan,nan
1992.0833333333333,56.200000000000003,76.0,6.3166666666666673,37.452745266832572,1992.0833333333333,56.200000000000003,nan,nan,nan,1992.0833333333333,76.0,nan,nan,nan
1992.1666666666667,56.200000000000003,76.0,11.0,50.119411933499237,1992.1666666666667,56.200000000000003,nan,nan,nan,1992.1666666666667,76.0,nan,nan,nan
1992.25,47.100000000000001,76.0,14.924999999999999,61.089067048102123,1992.25,47.100000000000001,nan,nan,nan,1992.25,76.0,nan,nan,nan
1992.3333333333333,97.299919200674154,76.0,23.033326600056181,70.90062485849424,1992.3333333333333,97.299919200674154,nan,nan,nan,1992.3333333333333,76.0,nan,nan,nan
1992.4166666666667,77.100080799325838,76.0,29.458333333333332,79.857310753523848,1992.4166666666667,77.100080799325838,nan,nan,nan,1992.4166666666667,76.0,nan,nan,nan
1992.5,83.5,76.0,36.416666666666664,88.149590582491555,1992.5,83.5,nan,nan,nan,1992.5,76.0,nan,nan,nan
1992.5833333333333,104.50008839926244,76.0,45.12500736660521,95.906308101304958,1992.5833333333333,104.50008839926244,nan,nan,nan,1992.5833333333333,76.0,nan,nan,nan
1992.6666666666667,126.59991160073756,76.0,55.675000000000004,103.21941151104022,1992.6666666666667,126.59991160073756,nan,nan,nan,1992.6666666666667,76.0,nan,nan,nan
1992.75,106.8,76.0,64.575000000000003,110.15723057277232,1992.75,106.8,nan,nan,nan,1992.75,76.0,nan,nan,nan
1992.8333333333333,62.099989600086772,76.0,69.749999133340566,116.77218149908884,1992.8333333333333,62.099989600086772,nan,nan,nan,1992.8333333333333,76.0,nan,nan,nan
1992.9166666666667,59.500010399913229,76.0,74.708333333333329,123.10551483242217,1992.9166666666667,59.500010399913229,nan,nan,nan,1992.9166666666667,76.0,nan,nan,nan
1993.0,56.600000000000001,76.0,79.424999999999997,129.19038467701549,1993.0,56.600000000000001,nan,nan,nan,1993.0,76.0,nan,nan,nan
1993.0833333333333,58.999778001852263,76.0,84.341648166821031,135.05391197557498,1993.0833333333333,58.999778001852263,nan,nan,nan,1993.0833333333333,76.0,nan,nan,nan
1993.1666666666667,3.5002219981477367,76.0,84.63333333333334,140.71861751857443,1993.1666666666667,3.5002219981477367,nan,nan,nan,1993.1666666666667,76.0,nan,nan,nan
1993.25,-7.5999999999999996,76.0,84.0,146.20344507587589,1993.25,-7.5999999999999996,nan,nan,nan,1993.25,76.0,nan,nan,nan
1993.3333333333333,-15.800152398728448,76.0,82.683320633439294,151.52450939518232,1993.3333333333333,-15.800152398728448,nan,nan,nan,1993.3333333333333,76.0,nan,nan,nan
1993.4166666666667,-53.899847601271546,76.0,78.191666666666677,156.69565440772459,1993.4166666666667,-53.899847601271546,nan,nan,nan,1993.4166666666667,76.0,nan,nan,nan
1993.5,-41.899999999999999,76.0,74.700000000000003,161.72887736457176,1993.5,-41.899999999999999,nan,nan,nan,1993.5,76.0,nan,nan,nan
1993.5833333333333,-26.19997560020358,76.0,72.516668699983043,166.63465626976782,1993.5833333333333,-26.19997560020358,nan,nan,nan,1993.5833333333333,76.0,nan,nan,nan
1993.6666666666667,-20.100024399796418,76.0,70.841666666666669,171.42220626121804,1993.6666666666667,-20.100024399796418,nan,nan,nan,1993.6666666666667,76.0,nan,nan,nan
1993.75,-46.100000000000001,76.0,67.0,176.09968291843268,1993.75,-46.100000000000001,nan,nan,nan,1993.75,76.0,nan,nan,nan
1993.8333333333333,-22.399899200841027,76.0,65.133341733263251,180.6743453356919,1993.8333333333333,-22.399899200841027,nan,nan,nan,1993.8333333333333,76.0,nan,nan,nan
1993.9166666666667,2.7998992008410291,76.0,65.366666666666674,185.15268828320669,1993.9166666666667,2.7998992008410291,nan,nan,nan,1993.9166666666667,76.0,nan,nan,nan
1994.0,3.2999999999999998,76.0,65.641666666666666,189.54055032904785,1994.0,3.2999999999999998,nan,nan,nan,1994.0,76.0,nan,nan,nan
1994.0833333333333,-39.599875201041272,76.0,62.341677066579898,193.84320305879731,1994.0833333333333,-39.599875201041272,nan,nan,nan,1994.0833333333333,76.0,nan,nan,nan
1994.1666666666667,-8.4001247989587249,76.0,61.641666666666673,198.06542528101954,1994.1666666666667,-8.4001247989587249,nan,nan,nan,1994.1666666666667,76.0,nan,nan,nan
1994.25,-23.600000000000001,76.0,59.675000000000004,202.2115651955034,1994.25,-23.600000000000001,nan,nan,nan,1994.25,76.0,nan,nan,nan
1994.3333333333333,-41.800031599736343,76.0,56.191664033355302,206.28559282788703,1994.3333333333333,-41.800031599736343,nan,nan,nan,1994.3333333333333,76.0,nan,nan,nan
1994.4166666666667,-49.699968400263657,76.0,52.050000000000004,210.29114453076699,1994.4166666666667,-49.699968400263657,nan,nan,nan,1994.4166666666667,76.0,nan,nan,nan
1994.5,-73.700000000000003,76.0,45.908333333333331,214.23156097074261,1994.5,-73.700000000000003,nan,nan,nan,1994.5,76.0,nan,nan,nan
1994.5833333333333,-62.399927200607408,76.0,40.708339399949381,218.1099197301493,1994.5833333333333,-62.399927200607408,nan,nan,nan,1994.5833333333333,76.0,nan,nan,nan
1994.6666666666667,-44.200072799392601,76.0,37.024999999999999,221.9290634281343,1994.6666666666667,-44.200072799392601,nan,nan,nan,1994.6666666666667,76.0,nan,nan,nan
1994.75,-31.899999999999999,76.0,34.366666666666667,225.69162409144565,1994.75,-31.899999999999999,nan,nan,nan,1994.75,76.0,nan,nan,nan
1994.8333333333333,-35.499971600236954,76.0,31.408335699980253,229.40004436865007,1994.8333333333333,-35.499971600236954,nan,nan,nan,1994.8333333333333,76.0,nan,nan,nan
1994.9166666666667,-28.400028399763045,76.0,29.041666666666668,233.05659607351771,1994.9166666666667,-28.400028399763045,nan,nan,nan,1994.9166666666667,76.0,nan,nan,nan
1995.0,-7.7000000000000002,76.0,28.400000000000002,236.66339645737722,1995.0,-7.7000000000000002,nan,nan,nan,1995.0,76.0,nan,nan,nan
1995.0833333333333,9.5001411988218951,76.0,29.191678433235158,240.22242254138766,1995.0833333333333,9.5001411988218951,nan,nan,nan,1995.0833333333333,76.0,nan,nan,nan
1995.1666666666667,44.799858801178104,76.0,32.925000000000004,243.73552378414743,1995.1666666666667,44.799858801178104,nan,nan,nan,1995.1666666666667,76.0,nan,nan,nan
1995.25,-18.600000000000001,76.0,31.375,247.20443331501349,1995.25,-18.600000000000001,nan,nan,nan,1995.25,76.0,nan,nan,nan
1995.3333333333333,-26.899893600887747,76.0,29.13334219992602,250.63077792674974,1995.3333333333333,-26.899893600887747,nan,nan,nan,1995.3333333333333,76.0,nan,nan,nan
1995.4166666666667,-0.30010639911224857,76.0,29.108333333333334,254.01608699097378,1995.4166666666667,-0.30010639911224857,nan,nan,nan,1995.4166666666667,76.0,nan,nan,nan
1995.5,8.1999999999999993,76.0,29.791666666666668,257.36180043501116,1995.5,8.1999999999999993,nan,nan,nan,1995.5,76.0,nan,nan,nan
1995.5833333333333,39.100302397476923,76.0,33.050025199789744,260.66927589816942,1995.5833333333333,39.100302397476923,nan,nan,nan,1995.5833333333333,76.0,nan,nan,nan
1995.6666666666667,114.69969760252309,76.0,42.608333333333334,263.93979516830012,1995.6666666666667,114.69969760252309,nan,nan,nan,1995.6666666666667,76.0,nan,nan,nan
1995.75,132.40000000000001,76.0,53.641666666666673,267.17456998518338,1995.75,132.40000000000001,nan,nan,nan,1995.75,76.0,nan,nan,nan
1995.8333333333333,101.30015119873846,76.0,62.083345933228209,270.37474728523614,1995.8333333333333,101.30015119873846,nan,nan,nan,1995.8333333333333,76.0,nan,nan,nan
1995.9166666666667,139.09984880126154,76.0,73.675000000000011,273.54141395190283,1995.9166666666667,139.09984880126154,nan,nan,nan,1995.9166666666667,76.0,nan,nan,nan
1996.0,132.5,76.0,84.716666666666683,276.67560112750363,1996.0,132.5,nan,nan,nan,1996.0,76.0,nan,nan,nan
1996.0833333333333,99.199860801161421,76.0,92.983321733430117,279.77828813502896,1996.0833333333333,99.199860801161421,nan,nan,nan,1996.0833333333333,76.0,nan,nan,nan
1996.1666666666667,64.400139198838588,76.0,98.350000000000009,282.85040605215585,1996.1666666666667,64.400139198838588,nan,nan,nan,1996.1666666666667,76.0,nan,nan,nan
1996.25,31.0,76.0,100.93333333333334,285.8928409744525,1996.25,31.0,nan,nan,nan,1996.25,76.0,nan,nan,nan
1996.3333333333333,47.600030399746359,76.0,104.9000025333122,288.90643700018143,1996.3333333333333,47.600030399746359,nan,nan,nan,1996.3333333333333,76.0,nan,nan,nan
1996.4166666666667,55.199969600253645,76.0,109.5,291.89199896519131,1996.4166666666667,55.199969600253645,nan,nan,nan,1996.4166666666667,76.0,nan,nan,nan
1996.5,68.099999999999994,76.0,115.175,294.85029495300512,1996.5,68.099999999999994,nan,nan,nan,1996.5,76.0,nan,nan,nan
1996.5833333333333,92.200010399913225,76.0,122.85833419999277,297.78205860228485,1996.5833333333333,92.200010399913225,nan,nan,nan,1996.5833333333333,76.0,nan,nan,nan
1996.6666666666667,94.799989600086775,76.0,130.75833333333333,300.68799123131197,1996.6666666666667,94.799989600086775,nan,nan,nan,1996.6666666666667,76.0,nan,nan,nan
1996.75,30.0,76.0,133.25833333333333,303.56876379691181,1996.75,30.0,nan,nan,nan,1996.75,76.0,nan,nan,nan
1996.8333333333333,9.8999784001802205,76.0,134.08333153334834,306.42501870332256,1996.8333333333333,9.8999784001802205,nan,nan,nan,1996.8333333333333,76.0,nan,nan,nan
1996.9166666666667,4.5000215998197799,76.0,134.45833333333334,309.25737147482232,1996.9166666666667,4.5000215998197799,nan,nan,nan,1996.9166666666667,76.0,nan,nan,nan
1997.0,-30.699999999999999,76.0,131.90000000000001,312.06641230444967,1997.0,-30.699999999999999,nan,nan,nan,1997.0,76.0,nan,nan,nan
1997.0833333333333,-63.000035199706311,76.0,126.64999706669113,314.85270748985539,1997.0833333333333,-63.000035199706311,nan,nan,nan,1997.0833333333333,76.0,nan,nan,nan
1997.1666666666667,-71.799964800293694,76.0,120.66666666666664,317.61680076617796,1997.1666666666667,-71.799964800293694,nan,nan,nan,1997.1666666666667,76.0,nan,nan,nan
1997.25,-82.099999999999994,76.0,113.82499999999999,320.35921454482866,1997.25,-82.099999999999994,nan,nan,nan,1997.25,76.0,nan,nan,nan
1997.3333333333333,-78.900053199556126,76.0,107.24999556670365,323.08045106617851,1997.3333333333333,-78.900053199556126,nan,nan,nan,1997.3333333333333,76.0,nan,nan,nan
1997.4166666666667,-92.199946800443882,76.0,99.566666666666649,325.78099347334955,1997.4166666666667,-92.199946800443882,nan,nan,nan,1997.4166666666667,76.0,nan,nan,nan
1997.5,-104.3,76.0,90.874999999999986,328.46130681361223,1997.5,-104.3,nan,nan,nan,1997.5,76.0,nan,nan,nan
1997.5833333333333,-117.90002959975304,76.0,81.049997533353903,331.12183897326543,1997.5833333333333,-117.90002959975304,nan,nan,nan,1997.5833333333333,76.0,nan,nan,nan
1997.6666666666667,-125.29997040024696,76.0,70.60833333333332,333.76302155132169,1997.6666666666667,-125.29997040024696,nan,nan,nan,1997.6666666666667,76.0,nan,nan,nan
1997.75,-122.0,76.0,60.441666666666656,336.38527067682264,1997.75,-122.0,nan,nan,nan,1997.75,76.0,nan,nan,nan
1997.8333333333333,-89.400024399796422,76.0,52.99166463335029,338.98898777416724,1997.8333333333333,-89.400024399796422,nan,nan,nan,1997.8333333333333,76.0,nan,nan,nan
1997.9166666666667,-95.499975600203584,76.0,45.033333333333324,341.57456028043839,1997.9166666666667,-95.499975600203584,nan,nan,nan,1997.9166666666667,76.0,nan,nan,nan
1998.0,-76.700000000000003,76.0,38.641666666666659,344.14236231835645,1998.0,-76.700000000000003,nan,nan,nan,1998.0,76.0,nan,nan,nan
1998.0833333333333,-21.800003999966627,76.0,36.824999666669434,346.69275532816977,1998.0833333333333,-21.800003999966627,nan,nan,nan,1998.0833333333333,76.0,nan,nan,nan
1998.1666666666667,-22.799996000033374,76.0,34.92499999999999,349.22608866150313,1998.1666666666667,-22.799996000033374,nan,nan,nan,1998.1666666666667,76.0,nan,nan,nan
1998.25,-50.200000000000003,76.0,30.741666666666656,351.74270013992668,1998.25,-50.200000000000003,nan,nan,nan,1998.25,76.0,nan,nan,nan
1998.3333333333333,-27.399893600887747,76.0,28.458342199926008,354.24291658077379,1998.3333333333333,-27.399893600887747,nan,nan,nan,1998.3333333333333,76.0,nan,nan,nan
1998.4166666666667,-0.80010639911224857,76.0,28.391666666666655,356.72705429252414,1998.4166666666667,-0.80010639911224857,nan,nan,nan,1998.4166666666667,76.0,nan,nan,nan
1998.5,-8.3000000000000007,76.0,27.699999999999989,359.19541954187832,1998.5,-8.3000000000000007,nan,nan,nan,1998.5,76.0,nan,nan,nan
1998.5833333333333,18.700088399262434,76.0,29.258340699938525,361.64830899447634,1998.5833333333333,18.700088399262434,nan,nan,nan,1998.5833333333333,76.0,nan,nan,nan
1998.6666666666667,40.799911600737566,76.0,32.658333333333324,364.08601013105476,1998.6666666666667,40.799911600737566,nan,nan,nan,1998.6666666666667,76.0,nan,nan,nan
1998.75,23.5,76.0,34.616666666666653,366.50880164069542,1998.75,23.5,nan,nan,nan,1998.75,76.0,nan,nan,nan
1998.8333333333333,32.599786001785517,76.0,37.333315500148778,368.91695379268845,1998.8333333333333,32.599786001785517,nan,nan,nan,1998.8333333333333,76.0,nan,nan,nan
1998.9166666666667,-20.899786001785515,76.0,35.591666666666654,371.31072878841354,1998.9166666666667,-20.899786001785515,nan,nan,nan,1998.9166666666667,76.0,nan,nan,nan
1999.0,-16.699999999999999,76.0,34.199999999999989,373.69038109453709,1999.0,-16.699999999999999,nan,nan,nan,1999.0,76.0,nan,nan,nan
1999.0833333333333,-11.800327197270002,76.0,33.216639400227486,376.05615775872292,1999.0833333333333,-11.800327197270002,nan,nan,nan,1999.0833333333333,76.0,nan,nan,nan
1999.1666666666667,-93.599672802729998,76.0,25.416666666666657,378.40829870896556,1999.1666666666667,-93.599672802729998,nan,nan,nan,1999.1666666666667,76.0,nan,nan,nan
1999.25,-69.5,76.0,19.624999999999989,380.74703703757291,1999.25,-69.5,nan,nan,nan,1999.25,76.0,nan,nan,nan
1999.3333333333333,-64.00006119948938,76.0,14.291661566709209,383.07259927074892,1999.3333333333333,-64.00006119948938,nan,nan,nan,1999.3333333333333,76.0,nan,nan,nan
1999.4166666666667,-79.299938800510617,76.0,7.6833333333333238,385.38520562465965,1999.4166666666667,-79.299938800510617,nan,nan,nan,1999.4166666666667,76.0,nan,nan,nan
1999.5,-116.3,76.0,-2.0083333333333422,387.68507024880108,1999.5,-116.3,nan,nan,nan,1999.5,76.0,nan,nan,nan
1999.5833333333333,-102.60000119998998,76.0,-10.558333433332507,389.97240145743069,1999.5833333333333,-102.60000119998998,nan,nan,nan,1999.5833333333333,76.0,nan,nan,nan
1999.6666666666667,-102.89999880001002,76.0,-19.133333333333344,392.24740194976982,1999.6666666666667,-102.89999880001002,nan,nan,nan,1999.6666666666667,76.0,nan,nan,nan
1999.75,-126.8,76.0,-29.700000000000006,394.51026901963638,1999.75,-126.8,nan,nan,nan,1999.75,76.0,nan,nan,nan
1999.8333333333333,-86.10012959891867,76.0,-36.875010799909894,396.76119475512093,1999.8333333333333,-86.10012959891867,nan,nan,nan,1999.8333333333333,76.0,nan,nan,nan
1999.9166666666667,-118.49987040108132,76.0,-46.750000000000007,399.00036622887831,1999.9166666666667,-118.49987040108132,nan,nan,nan,1999.9166666666667,76.0,nan,nan,nan
2000.0,-109.59999999999999,76.0,-55.883333333333347,401.2279656795684,2000.0,-109.59999999999999,nan,nan,nan,2000.0,76.0,nan,nan,nan
2000.0833333333333,-71.60004719960618,76.0,-61.85000393330052,403.44417068494363,2000.0833333333333,-71.60004719960618,nan,nan,nan,2000.0833333333333,76.0,nan,nan,nan
2000.1666666666667,-83.39995280039382,76.0,-68.800000000000011,405.64915432704913,2000.1666666666667,-83.39995280039382,nan,nan,nan,2000.1666666666667,76.0,nan,nan,nan
2000.25,-76.400000000000006,76.0,-75.166666666666671,407.84308534996973,2000.25,-76.400000000000006,nan,nan,nan,2000.25,76.0,nan,nan,nan
2000.3333333333333,-95.900089599252425,76.0,-83.158340799937704,410.02612831053113,2000.3333333333333,-95.900089599252425,nan,nan,nan,2000.3333333333333,76.0,nan,nan,nan
2000.4166666666667,-118.29991040074758,76.0,-93.016666666666666,412.19844372233626,2000.4166666666667,-118.29991040074758,nan,nan,nan,2000.4166666666667,76.0,nan,nan,nan
2000.5,-132.19999999999999,76.0,-104.03333333333335,414.36018819349283,2000.5,-132.19999999999999,nan,nan,nan,2000.5,76.0,nan,nan,nan
2000.5833333333333,-116.09991360072087,76.0,-113.70832613339341,416.51151455836754,2000.5833333333333,-116.09991360072087,nan,nan,nan,2000.5833333333333,76.0,nan,nan,nan
2000.6666666666667,-94.500086399279127,76.0,-121.58333333333333,418.65257200367978,2000.6666666666667,-94.500086399279127,nan,nan,nan,2000.6666666666667,76.0,nan,nan,nan
2000.75,-79.0,76.0,-128.16666666666666,420.78350618922957,2000.75,-79.0,nan,nan,nan,2000.75,76.0,nan,nan,nan
2000.8333333333333,-36.300115199038821,76.0,-131.19167626658657,422.90445936353615,2000.8333333333333,-36.300115199038821,nan,nan,nan,2000.8333333333333,76.0,nan,nan,nan
2000.9166666666667,-65.099884800961178,76.0,-136.61666666666667,425.01557047464723,2000.9166666666667,-65.099884800961178,nan,nan,nan,2000.9166666666667,76.0,nan,nan,nan
2001.0,-15.300000000000001,76.0,-137.89166666666668,427.11697527636267,2001.0,-15.300000000000001,nan,nan,nan,2001.0,76.0,nan,nan,nan
2001.0833333333333,-9.7001971983546582,76.0,-138.70001643319623,429.20880643010275,2001.0833333333333,-9.7001971983546582,nan,nan,nan,2001.0833333333333,76.0,nan,nan,nan
2001.1666666666667,-58.99980280164533,76.0,-143.61666666666667,431.29119360263729,2001.1666666666667,-58.99980280164533,nan,nan,nan,2001.1666666666667,76.0,nan,nan,nan
2001.25,-60.100000000000001,76.0,-148.625,433.36426355987925,2001.25,-60.100000000000001,nan,nan,nan,2001.25,76.0,nan,nan,nan
2001.3333333333333,-25.09973120224274,76.0,-150.71664426685356,435.4281402569348,2001.3333333333333,-25.09973120224274,nan,nan,nan,2001.3333333333333,76.0,nan,nan,nan
2001.4166666666667,42.099731202242744,76.0,-147.20833333333334,437.4829449245911,2001.4166666666667,42.099731202242744,nan,nan,nan,2001.4166666666667,76.0,nan,nan,nan
2001.5,97.299999999999997,76.0,-139.09999999999999,439.5287961524121,2001.5,97.299999999999997,nan,nan,nan,2001.5,76.0,nan,nan,nan
2001.5833333333333,128.30018039849483,76.0,-128.40831830012544,441.5658099686039,2001.5833333333333,128.30018039849483,nan,nan,nan,2001.5833333333333,76.0,nan,nan,nan
2001.6666666666667,173.39981960150519,76.0,-113.95833333333333,443.59409991680167,2001.6666666666667,173.39981960150519,nan,nan,nan,2001.6666666666667,76.0,nan,nan,nan
2001.75,182.09999999999999,76.0,-98.783333333333346,445.61377712992203,2001.75,182.09999999999999,nan,nan,nan,2001.75,76.0,nan,nan,nan
2001.8333333333333,175.59985160123819,76.0,-84.150012366563487,447.62495040121689,2001.8333333333333,175.59985160123819,nan,nan,nan,2001.8333333333333,76.0,nan,nan,nan
2001.9166666666667,138.50014839876184,76.0,-72.608333333333334,449.62772625265688,2001.9166666666667,138.50014839876184,nan,nan,nan,2001.9166666666667,76.0,nan,nan,nan
2002.0,133.5,76.0,-61.483333333333327,451.62220900076647,2002.0,133.5,nan,nan,nan,2002.0,76.0,nan,nan,nan
2002.0833333333333,105.59991080074424,76.0,-52.683340766604637,453.60850082002588,2002.0833333333333,105.59991080074424,nan,nan,nan,2002.0833333333333,76.0,nan,nan,nan
2002.1666666666667,83.300089199255751,76.0,-45.741666666666653,455.58670180394824,2002.1666666666667,83.300089199255751,nan,nan,nan,2002.1666666666667,76.0,nan,nan,nan
2002.25,82.799999999999997,76.0,-38.841666666666654,457.55691002393604,2002.25,82.799999999999997,nan,nan,nan,2002.25,76.0,nan,nan,nan
2002.3333333333333,47.799973200223604,76.0,-34.858335566648016,459.51922158601445,2002.3333333333333,47.799973200223604,nan,nan,nan,2002.3333333333333,76.0,nan,nan,nan
2002.4166666666667,41.100026799776394,76.0,-31.433333333333319,461.47373068553429,2002.4166666666667,41.100026799776394,nan,nan,nan,2002.4166666666667,76.0,nan,nan,nan
2002.5,-24.100000000000001,76.0,-33.441666666666656,463.42052965993281,2002.5,-24.100000000000001,nan,nan,nan,2002.5,76.0,nan,nan,nan
2002.5833333333333,-7.7000051999566139,76.0,-34.083333766663038,465.35970903963619,2002.5833333333333,-7.7000051999566139,nan,nan,nan,2002.5833333333333,76.0,nan,nan,nan
2002.6666666666667,-8.9999948000433854,76.0,-34.833333333333321,467.29135759718253,2002.6666666666667,-8.9999948000433854,nan,nan,nan,2002.6666666666667,76.0,nan,nan,nan
2002.75,-25.5,76.0,-36.958333333333321,469.21556239464149,2002.75,-25.5,nan,nan,nan,2002.75,76.0,nan,nan,nan
2002.8333333333333,-42.50003439971298,76.0,-40.500002866642738,471.1324088294017,2002.8333333333333,-42.50003439971298,nan,nan,nan,2002.8333333333333,76.0,nan,nan,nan
2002.9166666666667,-51.099965600287021,76.0,-44.758333333333326,473.04198067839422,2002.9166666666667,-51.099965600287021,nan,nan,nan,2002.9166666666667,76.0,nan,nan,nan
2003.0,-43.100000000000001,56.8125,-48.349999999999994,474.46407190482699,2003.0,-43.100000000000001,nan,nan,nan,2003.0,76.0,37.625,nan,nan
2003.0833333333333,-1.7000023999799756,56.8125,-48.491666866664993,475.88084688376739,2003.0833333333333,-1.7000023999799756,nan,nan,nan,2003.0833333333333,76.0,37.625,nan,nan
2003.1666666666667,-2.2999976000200242,56.8125,-48.68333333333333,477.29236479456415,2003.1666666666667,-2.2999976000200242,nan,nan,nan,2003.1666666666667,76.0,37.625,nan,nan
2003.25,0.10000000000000001,56.8125,-48.67499999999999,478.69868372669822,2003.25,0.10000000000000001,nan,nan,nan,2003.25,76.0,37.625,nan,nan
2003.3333333333333,-16.600014399879853,56.8125,-50.058334533323318,480.09986070767724,2003.3333333333333,-16.600014399879853,nan,nan,nan,2003.3333333333333,76.0,37.625,nan,nan
2003.4166666666667,-20.199985600120147,56.8125,-51.741666666666667,481.49595173001893,2003.4166666666667,-20.199985600120147,nan,nan,nan,2003.4166666666667,76.0,37.625,nan,nan
2003.5,-37.399999999999999,56.8125,-54.858333333333327,482.88701177735902,2003.5,-37.399999999999999,nan,nan,nan,2003.5,76.0,37.625,nan,nan
2003.5833333333333,-25.600080399329183,56.8125,-56.991673366610762,484.27309484971875,2003.5833333333333,-25.600080399329183,nan,nan,nan,2003.5833333333333,76.0,37.625,nan,nan
2003.6666666666667,-68.183162200248105,56.8125,-62.673603549964774,485.65425398796441,2003.6666666666667,-45.699919600670825,-90.666404799825386,nan,nan,2003.6666666666667,76.0,37.625,nan,nan
2003.75,25.638890566030522,56.875,-60.537029336128889,487.03205536493778,2003.75,-25.899999999999999,-6.1833283019084462,109.0,nan,2003.75,76.0,37.625,57.0,nan
2003.8333333333333,13.94666272340614,56.875,-59.374807442511717,488.40503080282087,2003.8333333333333,-50.199842001318281,-16.960169828463307,109.0,nan,2003.8333333333333,76.0,37.625,57.0,nan
2003.9166666666667,-9.4543851646847461,56.875,-60.162672872902107,489.77323065949423,2003.9166666666667,-10.700157998681725,-126.66299749537251,109.0,nan,2003.9166666666667,76.0,37.625,57.0,nan
2004.0,16.717263347340957,56.875,-58.769567593957028,491.13670442309331,2004.0,-21.399999999999999,-37.448209957977127,109.0,nan,2004.0,76.0,37.625,57.0,nan
2004.0833333333333,69.423148573016434,56.875,-52.984305212872329,492.49550073289464,2004.0833333333333,31.599873601054622,67.669572117994676,109.0,nan,2004.0833333333333,76.0,37.625,57.0,nan
2004.1666666666667,86.775725503822102,56.875,-45.752994754220488,493.84966739956133,2004.1666666666667,0.00012639894537969099,151.32705011252091,109.0,nan,2004.1666666666667,76.0,37.625,57.0,nan
2004.25,80.665272258783432,56.875,-39.030888732655207,495.19925142477189,2004.25,-30.600000000000001,163.59581677635029,109.0,nan,2004.25,76.0,37.625,57.0,nan
2004.3333333333333,32.76373619435509,56.875,-36.300577383125614,496.54429902025555,2004.3333333333333,-44.299972000233616,33.591180583298893,109.0,nan,2004.3333333333333,76.0,37.625,57.0,nan
2004.4166666666667,1.3225389068183329,56.875,-36.19036580755742,497.88485562625505,2004.4166666666667,-37.300027999766378,-67.732355279778631,109.0,nan,2004.4166666666667,76.0,37.625,57.0,nan
2004.5,-8.6164208138468812,56.875,-36.908400875377993,499.22096592943876,2004.5,-17.800000000000001,-117.04926244154063,109.0,nan,2004.5,76.0,37.625,57.0,nan
2004.5833333333333,2.4721058015264767,56.875,-36.702392058584117,500.55267388028147,2004.5833333333333,-14.099952800393813,-87.483729795026761,109.0,nan,2004.5833333333333,76.0,37.625,57.0,nan
2004.6666666666667,37.014223042749734,56.875,-33.617873471688306,501.88002270993303,2004.6666666666667,-2.3000471996061851,4.342716327855392,109.0,nan,2004.6666666666667,76.0,37.625,57.0,nan
2004.75,30.239611589390432,56.875,-31.097905839239104,503.20305494659334,2004.75,-11.199999999999999,-7.0811652318287059,109.0,nan,2004.75,76.0,37.625,57.0,nan
2004.8333333333333,29.529953751668753,56.875,-28.637076359933374,504.52181243141132,2004.8333333333333,-30.099954400380465,9.6898156553867238,109.0,nan,2004.8333333333333,76.0,37.625,57.0,nan
2004.9166666666667,63.784608416514885,56.875,-23.321692325223797,505.83633633392424,2004.9166666666667,-18.700045599619536,101.05387084916418,109.0,nan,2004.9166666666667,76.0,37.625,57.0,nan
2005.0,66.245208693866758,56.875,-17.801258267401568,507.14666716705398,2005.0,-62.299999999999997,152.0356260816003,109.0,nan,2005.0,76.0,37.625,57.0,nan
2005.0833333333333,82.983492343291474,56.875,-10.885967238793947,508.45284480167555,2005.0833333333333,-45.900147198771833,185.85062422864627,109.0,nan,2005.0833333333333,76.0,37.625,57.0,nan
2005.1666666666667,73.035114480849245,56.875,-4.7997076987231777,509.75490848077249,2005.1666666666667,-82.699852801228161,192.8051962437759,109.0,nan,2005.1666666666667,76.0,37.625,57.0,nan
2005.25,45.504438352920744,56.875,-1.0076711693131155,511.05289683319359,2005.25,-61.399999999999999,88.913315058762223,109.0,nan,2005.25,76.0,37.625,57.0,nan
2005.3333333333333,17.077435430924925,56.875,0.41544844993062835,512.34684788702452,2005.3333333333333,-50.499886800944488,-7.2678069062807396,109.0,nan,2005.3333333333333,76.0,37.625,57.0,nan
2005.4166666666667,31.102467570392832,56.875,3.0073207474633641,513.63679908258746,2005.4166666666667,-22.200113199055512,6.5075159102340052,109.0,nan,2005.4166666666667,76.0,37.625,57.0,nan
2005.5,33.112792487241833,56.875,5.7667201214001835,514.9227872850812,2005.5,-16.600000000000001,6.9383774617254979,109.0,nan,2005.5,76.0,37.625,57.0,nan
2005.5833333333333,38.051569852389541,56.875,8.9376842757659798,516.20484879687399,2005.5833333333333,-32.499754802045828,37.654464359214451,109.0,nan,2005.5833333333333,76.0,37.625,57.0,nan
2005.6666666666667,87.579032926732395,56.875,16.235937019660344,517.48301936946052,2005.6666666666667,28.799754802045825,124.93734397815138,109.0,nan,2005.6666666666667,76.0,37.625,57.0,nan
2005.75,125.07938386190527,56.875,26.659219008152451,518.75733421509449,2005.75,42.200000000000003,224.03815158571581,109.0,nan,2005.75,76.0,37.625,57.0,nan
2005.8333333333333,156.59781938125585,56.875,39.709037289923771,520.0278280181069,2005.8333333333333,63.099938400513963,297.6935197432536,109.0,nan,2005.8333333333333,76.0,37.625,57.0,nan
2005.9166666666667,121.56982800817438,56.875,49.839856290604963,521.29453494592099,2005.9166666666667,47.700061599486041,208.00942242503709,109.0,nan,2005.9166666666667,76.0,37.625,57.0,nan
2006.0,76.230425345331795,56.875,56.192391736049281,522.5574886597733,2006.0,65.200000000000003,54.491276035995391,109.0,nan,2006.0,76.0,37.625,57.0,nan
2006.0833333333333,73.719045763633815,56.875,62.335645549685438,523.81672232515064,2006.0833333333333,61.899888000934475,50.257249289966992,109.0,nan,2006.0833333333333,76.0,37.625,57.0,nan
2006.1666666666667,86.043923818602252,56.875,69.505972534568954,525.07226862195182,2006.1666666666667,33.90011199906553,115.23165945674123,109.0,nan,2006.1666666666667,76.0,37.625,57.0,nan
2006.25,68.494203832016808,56.875,75.213822853903693,526.32415975438357,2006.25,22.199999999999999,74.282611496050436,109.0,nan,2006.25,76.0,37.625,57.0,nan
2006.3333333333333,39.667413905858787,56.875,78.51944067939192,527.57242746059796,2006.3333333333333,8.2999284005973966,1.7023133169789695,109.0,nan,2006.3333333333333,76.0,37.625,57.0,nan
2006.4166666666667,11.094791635320641,56.875,79.444006649001977,528.8171030220808,2006.4166666666667,-9.5999284005973919,-66.115696693440682,109.0,nan,2006.4166666666667,76.0,37.625,57.0,nan
2006.5,-15.571521009547686,56.875,78.146379898206334,530.05821727279806,2006.5,-19.199999999999999,-136.51456302864307,109.0,nan,2006.5,76.0,37.625,57.0,nan
2006.5833333333333,-5.1059820067694943,56.875,77.720881397642202,531.29580060810815,2006.5833333333333,-19.799812801561906,-104.51813321874658,109.0,nan,2006.5833333333333,76.0,37.625,57.0,nan
2006.6666666666667,51.128141626828985,56.875,81.981559866544629,532.52988299344725,2006.6666666666667,26.999812801561905,17.384612078925073,109.0,nan,2006.6666666666667,76.0,37.625,57.0,nan
2006.75,76.566419691154437,56.875,88.362094840807501,533.76049397279473,2006.75,-17.399999999999999,138.09925907346332,109.0,nan,2006.75,76.0,37.625,57.0,nan
2006.8333333333333,69.679181413534906,56.875,94.168693291935412,534.98766267692577,2006.8333333333333,-28.700102799142286,128.737647039747,109.0,nan,2006.8333333333333,76.0,37.625,57.0,nan
2006.9166666666667,31.081970460689018,56.875,96.758857496992832,536.21141783145663,2006.9166666666667,-54.399897200857708,38.645808582924751,109.0,nan,2006.9166666666667,76.0,37.625,57.0,nan
2007.0,42.510663263102153,56.875,100.301412768918,537.4317877646904,2007.0,-51.200000000000003,69.731989789306454,109.0,nan,2007.0,76.0,37.625,57.0,nan
2007.0833333333333,48.755849991812021,56.875,104.36440026823567,538.64880041526828,2007.0833333333333,-77.500054799542781,114.76760477497885,109.0,nan,2007.0833333333333,76.0,37.625,57.0,nan
2007.1666666666667,18.983412176835898,56.875,105.94635128297199,539.86248333963215,2007.1666666666667,-91.199945200457222,39.150181730964917,109.0,nan,2007.1666666666667,76.0,37.625,57.0,nan
2007.25,-16.814477329886483,56.875,104.54514483881478,541.07286371930479,2007.25,-81.700000000000003,-77.743431989659442,109.0,nan,2007.25,76.0,37.625,57.0,nan
2007.3333333333333,-29.498679817351995,56.875,102.08692152070211,542.2799683679923,2007.3333333333333,-87.600148798758482,-109.8958906532975,109.0,nan,2007.3333333333333,76.0,37.625,57.0,nan
2007.4166666666667,-43.352922849612874,56.875,98.474177949901033,543.48382373851496,2007.4166666666667,-124.79985120124152,-114.25891734759711,109.0,nan,2007.4166666666667,76.0,37.625,57.0,nan
2007.5,-42.527782300007765,56.875,94.930196091567041,544.68445592957085,2007.5,-130.5,-106.08334690002329,109.0,nan,2007.5,76.0,37.625,57.0,nan
2007.5833333333333,7.0004915745992236,56.875,95.513570389450308,545.88189069233727,2007.5833333333333,-126.29993960050395,38.301414324301618,109.0,nan,2007.5833333333333,76.0,37.625,57.0,nan
2007.6666666666667,65.578322225633755,56.875,100.97843057491978,547.07615343691498,2007.6666666666667,-111.20006039949605,198.93502707639729,109.0,nan,2007.6666666666667,76.0,37.625,57.0,nan
2007.75,76.058816734731849,56.875,107.3166653028141,548.26726923861952,2007.75,-88.5,207.67645020419556,109.0,nan,2007.75,76.0,37.625,57.0,nan
2007.8333333333333,28.569809835203188,56.875,109.69748278908104,549.45526284412381,2007.8333333333333,-88.400171198571599,65.109600704181162,109.0,nan,2007.8333333333333,76.0,37.625,57.0,nan
2007.9166666666667,-26.694771732511395,56.875,107.47291847803842,550.64015867745718,2007.9166666666667,-131.1998288014284,-57.884486396105771,109.0,nan,2007.9166666666667,76.0,37.625,57.0,nan
2008.0,-36.393229550286854,56.875,104.44014934884785,551.82198084586389,2008.0,-109.8,-108.37968865086054,109.0,nan,2008.0,76.0,37.625,57.0,nan
2008.0833333333333,-45.558392024845297,56.875,100.64361668011075,553.00075314552578,2008.0833333333333,-82.100075999365885,-163.57510007517001,109.0,nan,2008.0833333333333,76.0,37.625,57.0,nan
2008.1666666666667,-58.427737330750496,56.875,95.774638569214872,554.17649906715269,2008.1666666666667,-101.0999240006341,-183.18328799161742,109.0,nan,2008.1666666666667,76.0,37.625,57.0,nan
2008.25,-62.581014861637222,56.875,90.559553997411783,555.34924180144412,2008.25,-114.40000000000001,-182.34304458491167,109.0,nan,2008.25,76.0,37.625,57.0,nan
2008.3333333333333,-30.336492232085515,56.875,88.031512978071319,556.51900424442636,2008.3333333333333,-66.300013199889861,-133.70946349636668,109.0,nan,2008.3333333333333,76.0,37.625,57.0,nan
2008.4166666666667,-7.4060225768924779,56.875,87.414344429996959,557.68580900266795,2008.4166666666667,-69.599986800110131,-61.618080930567302,109.0,nan,2008.4166666666667,76.0,37.625,57.0,nan
2008.5,26.372015381357453,56.875,89.61201237844341,558.84967839837691,2008.5,-54.0,24.116046144072357,109.0,nan,2008.5,76.0,37.625,57.0,nan
2008.5833333333333,94.469353438170103,56.875,97.48445849829092,560.01063447438355,2008.5833333333333,19.100168398594953,155.30789191591538,109.0,nan,2008.5833333333333,76.0,37.625,57.0,nan
2008.6666666666667,121.02015017029782,56.875,107.56947101248242,561.16869899901099,2008.6666666666667,61.199831601405052,192.86061890948841,109.0,nan,2008.6666666666667,76.0,37.625,57.0,nan
2008.75,99.543122154560052,56.8125,115.86473119202908,562.32262402636331,2008.75,63.200000000000003,135.88624430912012,nan,nan,2008.75,76.0,37.625,nan,nan
2008.8333333333333,107.23511269215433,56.8125,124.80099058304195,563.4737033649759,2008.8333333333333,94.800175198538213,119.67005018577044,nan,nan,2008.8333333333333,76.0,37.625,nan,nan
2008.9166666666667,160.04010450154772,56.8125,138.13766595817094,564.62195796475726,2008.9166666666667,138.59982480146178,181.48038420163363,nan,nan,2008.9166666666667,76.0,37.625,nan,nan
2009.0,260.90555405201519,56.8125,159.87979546250554,565.7674085198164,2009.0,218.0,303.81110810403044,nan,nan,2009.0,76.0,37.625,nan,nan
2009.0833333333333,277.06965370728085,56.8125,182.96893327144562,566.91007547281424,2009.0833333333333,187.90004479962622,366.23926261493546,nan,nan,2009.0833333333333,76.0,37.625,nan,nan
2009.1666666666667,270.4444953379728,56.8125,205.50597454961004,568.04997901922013,2009.1666666666667,199.09995520037378,341.78903547557184,nan,nan,2009.1666666666667,76.0,37.625,nan,nan
2009.25,263.03350760487012,56.8125,227.42543351668255,569.18713911147654,2009.25,243.19999999999999,282.8670152097402,nan,nan,2009.25,76.0,37.625,nan,nan
2009.3333333333333,262.0302823641066,56.8125,249.2612903803581,570.32157546307383,2009.3333333333333,252.99977280189566,271.06079192631751,nan,nan,2009.3333333333333,76.0,37.625,nan,nan
2009.4166666666667,228.7677593996552,56.8125,268.32527033032937,571.45330755253735,2009.4166666666667,196.20022719810436,261.33529160120605,nan,nan,2009.4166666666667,76.0,37.625,nan,nan
2009.5,215.40577061064164,56.8125,286.27575121454947,572.58235462732966,2009.5,202.59999999999999,228.21154122128326,nan,nan,2009.5,76.0,37.625,nan,nan
2009.5833333333333,238.3164882649472,56.8125,306.13545856996171,573.70873570766992,2009.5833333333333,215.09983760135498,261.53313892853942,nan,nan,2009.5833333333333,76.0,37.625,nan,nan
2009.6666666666667,220.01252966964523,56.8125,324.46983604243218,574.83246959027224,2009.6666666666667,174.50016239864502,265.52489694064548,nan,nan,2009.6666666666667,76.0,37.625,nan,nan
2009.75,189.64847058145909,56.8125,340.27387525755375,575.95357485200532,2009.75,129.90000000000001,249.39694116291818,nan,nan,2009.75,76.0,37.625,nan,nan
2009.8333333333333,176.62400976191199,56.8125,354.99254273771311,577.07206985347557,2009.8333333333333,134.39967680269663,218.84834272112735,nan,nan,2009.8333333333333,76.0,37.625,nan,nan
2009.9166666666667,69.455242758455796,56.8125,360.78047963425109,578.18797274253564,2009.9166666666667,53.600323197303368,85.31016231960821,nan,nan,2009.9166666666667,76.0,37.625,nan,nan
2010.0,-54.717679331265558,56.8125,356.22067302331226,579.30130145771955,2010.0,-16.100000000000001,-93.335358662531121,nan,nan,2010.0,76.0,37.625,nan,nan
2010.0833333333333,-142.78826763047184,56.8125,344.32165072077299,580.41207373160739,2010.0833333333333,-61.99998120015686,-223.57655406078683,nan,nan,2010.0833333333333,76.0,37.625,nan,nan
2010.1666666666667,-143.30324212681242,56.8125,332.3797138768719,581.52030709412077,2010.1666666666667,-57.300018799843137,-229.3064654537817,nan,nan,2010.1666666666667,76.0,37.625,nan,nan
2010.25,-105.69117390822177,56.8125,323.57211605118681,582.62601887575022,2010.25,-57.299999999999997,-154.08234781644353,nan,nan,2010.25,76.0,37.625,nan,nan
2010.3333333333333,-57.620473920766287,37.625,318.77040989112294,583.35663583466135,2010.3333333333333,nan,-57.620473920766287,nan,nan,2010.3333333333333,nan,37.625,nan,nan
2010.4166666666667,38.536184699835111,37.625,321.98175861610918,584.08560540261738,2010.4166666666667,nan,38.536184699835111,nan,nan,2010.4166666666667,nan,37.625,nan,nan
2010.5,76.339474232464866,37.625,328.34338146881458,584.81293867318345,2010.5,nan,76.339474232464866,nan,nan,2010.5,nan,37.625,nan,nan
2010.5833333333333,76.629640394601665,37.625,334.72918483503139,585.5386466159739,2010.5833333333333,nan,76.629640394601665,nan,nan,2010.5833333333333,nan,37.625,nan,nan
2010.6666666666667,nan,37.625,334.72918483503139,586.26274007858251,2010.6666666666667,nan,nan,nan,nan,2010.6666666666667,nan,37.625,nan,nan
2010.75,nan,37.625,334.72918483503139,586.98522978847438,2010.75,nan,nan,nan,nan,2010.75,nan,37.625,nan,nan
2010.8333333333333,nan,37.625,334.72918483503139,587.70612635484019,2010.8333333333333,nan,nan,nan,nan,2010.8333333333333,nan,37.625,nan,nan
2010.9166666666667,nan,37.625,334.72918483503139,588.42544027041356,2010.9166666666667,nan,nan,nan,nan,2010.9166666666667,nan,37.625,nan,nan
2011.0,nan,37.625,334.72918483503139,589.1431819132531,2011.0,nan,nan,nan,nan,2011.0,nan,37.625,nan,nan
2011.0833333333333,nan,37.625,334.72918483503139,589.85936154848969,2011.0833333333333,nan,nan,nan,nan,2011.0833333333333,nan,37.625,nan,nan
2011.1666666666667,nan,37.625,334.72918483503139,590.57398933003867,2011.1666666666667,nan,nan,nan,nan,2011.1666666666667,nan,37.625,nan,nan
2011.25,nan,37.625,334.72918483503139,591.28707530228007,2011.25,nan,nan,nan,nan,2011.25,nan,37.625,nan,nan
